id;nom;slug;description
1;salmon HDD hacking;Romania;mesh Liaison Gambia
2;niches Incredible bypassing;Avon Garden;Producer Forward
3;Global;Sudanese Pound Metal granular;Configuration Riel Fresh
4;Senior USB Refined Steel Soap;Rufiyaa Rustic;Fish radical
5;Manager Chips;South Africa;project innovate
6;Baby deposit Won;Berkshire;withdrawal
7;Creative;Checking Account Research Soap;Keyboard microchip visualize
8;International silver;Borders;Health
9;withdrawal Bedfordshire Central;value-added Direct virtual;Ohio blue
10;scale Applications override;Zloty experiences;invoice Soft input
