id;prenom;nom;telephone;mail;localite;genre;age
1;JSON tertiary Shoals;Integration Borders relationships;1-562-130-7476 x122;PCI adapter;Garden payment Money Market Account;H;61098
2;Automotive transition redundant;haptic Shirt;1-812-043-5473 x906;optical Awesome array;Electronics;H;5411
3;contextually-based Buckinghamshire Maine;Forint matrix;782-418-6761 x89673;Alaska Egyptian Pound;architecture Israel;H;71716
4;engineer synergies;calculating Directives;009.630.7359;Cotton Borders;plug-and-play Up-sized;F;6583
5;responsive orchid;Operative protocol navigate;786-225-1611;Polarised;interactive;F;93009
6;transmitter Handmade overriding;Corporate;788.660.3404 x93310;regional Trafficway;Games;H;39458
7;Movies;Money Market Account Lodge;1-800-200-7748 x0856;pixel Avon Tasty;facilitate European Monetary Unit (E.M.U.-6);H;84247
8;payment;Savings Account solid state transmitting;1-792-848-7171 x399;Intelligent Wooden Hat clicks-and-mortar PCI;maroon;H;35433
9;Officer deposit generate;ability;(540) 472-1358 x3065;synthesizing;Automotive Singapore program;F;61904
10;Optional Human;application web-readiness;063-112-8534;Global deposit multi-state;grid-enabled Chief;H;56797
