id;ref;date;description;organisaiton
1;Mouse Grocery;2020-07-08;Borders array;21907
2;Manager Cheese Officer;2020-07-08;Global engineer compress;90914
3;Cambodia;2020-07-08;Louisiana;9708
4;schemas extend;2020-07-08;Rufiyaa;40698
5;morph;2020-07-09;program;8120
6;Auto Loan Account Gorgeous Rubber Computer;2020-07-09;Baby Wooden;15672
7;magenta Maryland Incredible Cotton Bike;2020-07-09;Managed;84959
8;Summit Electronics;2020-07-08;schemas Forward online;36501
9;virtual Borders;2020-07-08;Optimization;45516
10;optimizing Lock;2020-07-08;Jewelery;12416
